Date,Open,High,Low,Close,Volume,FiveMVA,FIfteenMVA,Signal,ActiveValue,ActiveReturn,PassiveValue,PassiveReturn
7/14/2022,110.24,111.18,107.58,110.63,51163100,,,,100000,0,100000,0
7/15/2022,112.5,115.59,111.59,113.55,84317800,,,,100000,0,102639.43,0.03
7/18/2022,115,117.24,113.15,113.76,59115400,,,,100000,0,102829.26,0.03
7/19/2022,115.7,118.95,114.03,118.21,60990000,,,,100000,0,106851.67,0.07
7/20/2022,118.62,123.48,118.32,122.77,71268300,,,,100000,0,110973.52,0.11
7/21/2022,123.2,124.85,121.26,124.63,60239900,115.7839996,,,100000,0,112654.8,0.13
7/22/2022,125.01,125.5,121.35,122.42,51463800,118.5839996,,,100000,0,110657.15,0.11
7/25/2022,122.7,123.64,120.03,121.14,50221300,120.3579986,,,100000,0,109500.14,0.1
7/26/2022,115.79,118.15,114.53,114.81,67075100,121.833998,,,100000,0,103778.36,0.04
7/27/2022,117.31,121.9,117.16,120.97,61582000,121.1539978,,,100000,0,109346.47,0.09
7/28/2022,121.57,122.84,118.08,122.28,82245500,120.7939986,,,100000,0,110530.6,0.11
7/29/2022,134.9,137.65,132.41,134.95,148892900,120.323999,,,100000,0,121983.19,0.22
8/1/2022,134.96,138.83,133.51,135.39,76846900,122.8299988,,,100000,0,122380.91,0.22
8/2/2022,134.72,137.44,134.09,134.16,61922400,125.6799988,,,100000,0,121269.1,0.21
8/3/2022,136.21,140.49,136.05,139.52,71827800,129.55,,,100000,0,126114.08,0.26
8/4/2022,140.58,143.56,139.55,142.57,70585000,133.2600006,123.2793329,,100000,0,128871.02,0.29
8/5/2022,140.1,142.86,139.6,140.8,50686900,137.3180022,125.4086669,,100000,0,127271.09,0.27
8/8/2022,142.05,144.23,138.29,139.41,52229000,138.4880034,127.2253336,,100000,0,126014.65,0.26
8/9/2022,138.05,138.95,136.21,137.83,40434700,139.2920044,128.9353337,,100000,0,124586.46,0.25
8/10/2022,142.9,144.6,141.01,142.69,54773800,140.026004,130.2433339,,100000,0,128979.49,0.29
8/11/2022,143.86,144.49,139.76,140.64,44867300,140.6600036,131.5713343,,100000,0,127126.46,0.27
8/12/2022,142.05,143.57,140.12,143.55,47643500,140.274002,132.6386677,,100000,0,129756.85,0.3
8/15/2022,142.8,143.76,141.49,143.18,39014600,140.824002,134.0473347,,100000,0,129422.4,0.29
8/16/2022,143.91,146.57,142,144.78,59102900,141.5779998,135.5166677,,100000,0,130868.66,0.31
8/17/2022,142.69,143.38,140.78,142.1,48149800,142.9679992,137.5146677,,100000,0,128446.18,0.28
8/18/2022,141.32,142.77,140.38,142.3,37458700,142.85,138.9233347,,100000,0,128626.96,0.29
8/19/2022,140.47,141.11,137.91,138.23,47792800,143.1820008,140.2580017,,100000,0,124948.02,0.25
8/22/2022,135.72,136.32,132.85,133.22,50461500,142.1179994,140.4766683,,100000,0,120419.42,0.2
8/23/2022,133.41,134.99,132.95,133.62,36252100,140.126001,140.3320017,Sell,100000,0,120780.98,0.21
8/24/2022,132.75,135.47,132.1,133.8,38627000,137.8940002,140.2960011,,100000,0,120943.69,0.21
8/25/2022,135.26,137.42,134.28,137.28,37496300,136.2339996,139.9146677,,100000,0,124089.31,0.24
8/26/2022,136.55,137.83,130.5,130.75,53322700,135.2299988,139.5620005,,100000,0,118186.75,0.18
8/29/2022,129.9,131.95,128.77,129.79,48101600,133.7339996,138.8920003,,100000,0,117318.99,0.17
8/30/2022,131.25,132.07,126.85,128.73,49203000,133.047998,138.2506663,,100000,0,116360.84,0.16
8/31/2022,129.45,130.59,126.74,126.77,53648700,132.0699982,137.6439992,,100000,0,114589.17,0.15
9/1/2022,126,128.02,123.66,127.82,56636100,130.663997,136.5826655,,100000,0,115538.28,0.16
9/2/2022,129.5,131.38,126.39,127.51,57429800,128.7719972,135.7279989,,100000,0,115258.07,0.15
9/6/2022,127.92,128.62,124.74,126.11,43888600,128.1239976,134.6586655,,100000,0,113992.59,0.14
9/7/2022,126.12,129.82,125.4,129.48,47900300,127.3879992,133.5206661,,100000,0,117038.78,0.17
9/8/2022,127.72,130.28,127.1,129.82,43988500,127.5379992,132.5006659,,100000,0,117346.12,0.17
9/9/2022,130.91,133.69,130.76,133.27,49387600,128.1480012,131.6819993,,100000,0,120464.62,0.2
9/12/2022,134.1,136.49,134,136.45,53826900,129.238002,131.0799993,,100000,0,123339.06,0.23
9/13/2022,131.01,131.4,126.27,126.82,72694000,131.026001,130.9613327,Buy,100000,0,114634.37,0.15
9/14/2022,127.36,128.84,126.33,128.55,45316800,131.1680008,130.534666,,101364.14,0.01,116198.14,0.16
9/15/2022,127.38,130.37,125.5,126.28,52887200,130.9820022,130.1966665,,99574.2,0,114146.26,0.14
9/16/2022,122.78,123.87,120.7,123.53,115667800,130.2740006,129.6953329,,97405.77,-0.03,111660.49,0.12
9/19/2022,122.16,124.71,121.8,124.66,47279700,128.3259996,128.7786663,Sell,98296.8,-0.02,112681.92,0.13
9/20/2022,123.35,124.4,121.14,122.19,47698400,125.968001,128.3726665,,98296.8,-0.02,110449.25,0.1
9/21/2022,122.49,123.76,118.45,118.54,58498900,125.0420014,127.8660005,,98296.8,-0.02,107149.96,0.07
9/22/2022,117.08,118.79,116.26,117.31,55229200,123.040001,127.1866675,,98296.8,-0.02,106038.15,0.06
9/23/2022,116,116.05,112.06,113.78,65126700,121.2460008,126.5560009,,98296.8,-0.02,102847.33,0.03
9/26/2022,113.3,117.34,113.13,115.15,62723300,119.2960008,125.6200008,,98296.8,-0.02,104085.7,0.04
9/27/2022,117.2,118.32,113.05,114.41,60094700,117.3940004,124.7960008,,98296.8,-0.02,103416.8,0.03
9/28/2022,114.38,118.7,113.8,118.01,55763800,115.8380008,124.016001,,98296.8,-0.02,106670.89,0.07
9/29/2022,115.6,116.07,113.06,114.8,58969700,115.732001,123.2513347,,98296.8,-0.02,103769.33,0.04
9/30/2022,114.08,116.92,112.84,113,59479600,115.230002,122.2500011,,98296.8,-0.02,102142.28,0.02
10/3/2022,113.58,116.91,112.45,115.88,50941900,115.0740022,120.8986675,,98296.8,-0.02,104745.55,0.05
10/4/2022,119.89,123,119.79,121.09,62812600,115.2200012,119.5273342,,98296.8,-0.02,109454.94,0.09
10/5/2022,118.58,121.75,117.69,120.95,48217500,116.5559996,119.1453339,,98296.8,-0.02,109328.39,0.09
10/6/2022,120.77,121.53,119.5,120.3,42253800,117.1439986,118.6386669,,98296.8,-0.02,108740.85,0.09
10/7/2022,118,118.17,113.88,114.56,54678000,118.2439986,118.2400005,Buy,98296.8,-0.02,103552.38,0.04
10/10/2022,115.1,116.25,112.43,113.67,42339700,118.5559982,117.6420004,,97533.15,-0.02,102747.9,0.03
10/11/2022,112.71,115.48,110.39,112.21,56432200,118.1139984,116.9093333,,96280.41,-0.04,101428.19,0.01
10/12/2022,112.49,113.83,111.4,112.9,45728700,116.337999,116.2439998,,96872.46,-0.03,102051.89,0.02
10/13/2022,107.88,113.44,105.35,112.53,86868100,114.728,115.8679999,Sell,96554.99,-0.03,101717.44,0.02
10/14/2022,114.1,114.96,106.6,106.9,67737300,113.1739992,115.5493333,,96554.99,-0.03,96628.41,-0.03
10/17/2022,110.11,114.19,110.09,113.79,62782000,111.642,115.0906668,,96554.99,-0.03,102856.37,0.03
10/18/2022,119.06,119.52,114.79,116.36,65607400,111.6660006,115.0000001,,96554.99,-0.03,105179.43,0.05
10/19/2022,114.71,116.59,113.22,115.07,47198100,112.496001,115.1299999,,96554.99,-0.03,104013.38,0.04
10/20/2022,113.83,118.24,113.51,115.25,48795100,112.9300006,114.9339997,,96554.99,-0.03,104176.09,0.04
10/21/2022,114.79,119.59,114.5,119.32,55660500,113.4740008,114.9639995,,96554.99,-0.03,107855.02,0.08
10/24/2022,119.98,120.39,116.57,119.82,49531500,115.9580004,115.3853329,Buy,96554.99,-0.03,108306.97,0.08
10/25/2022,119.65,121.32,118.95,120.6,50934600,117.1640002,115.6479997,,97183.53,-0.03,109012.02,0.09
10/26/2022,116,119.35,114.76,115.66,68802300,118.0119996,115.6153332,,93202.72,-0.07,104546.69,0.05
10/27/2022,113.92,114.12,109.77,110.96,129605400,118.1300004,115.262667,,89415.3,-0.11,100298.29,0
10/28/2022,97.91,103.96,97.66,103.41,223133400,117.2720002,114.6400001,,83331.26,-0.17,93473.75,-0.07
10/31/2022,103.56,104.87,100.74,102.44,99251400,114.090001,113.8966671,,82549.6,-0.17,92596.95,-0.07
11/1/2022,103.99,104.58,96.06,96.79,153370000,110.6140014,113.1480007,Sell,77996.64,-0.22,87489.83,-0.13
11/2/2022,97.32,97.74,92.01,92.12,135761800,105.852002,112.1200009,,77996.64,-0.22,83268.56,-0.17
11/3/2022,92.47,93.5,89.02,89.3,136683300,101.1440018,110.7346676,,77996.64,-0.22,80719.52,-0.19
11/4/2022,91.49,92.44,88.04,90.98,129101300,96.8120026,109.1860012,,77996.64,-0.22,82238.1,-0.18
11/7/2022,91.95,92.1,89.04,90.53,77495700,94.3260024,108.1246679,,77996.64,-0.22,81831.33,-0.18
11/8/2022,90.79,91.72,88.23,89.98,88703400,91.9440018,106.5740011,,77996.64,-0.22,81334.18,-0.19
11/9/2022,89.47,89.48,85.87,86.14,90796200,90.5820022,104.8153346,,77996.64,-0.22,77863.15,-0.22
11/10/2022,92.94,98.69,91.65,96.63,173414900,89.3860014,102.8866679,,77996.64,-0.22,87345.2,-0.13
11/11/2022,97.88,101.19,96.66,100.79,111590500,90.8520002,101.6453343,,77996.64,-0.22,91105.49,-0.09
11/14/2022,98.77,100.12,97.29,98.49,99533100,92.8139998,100.4100011,,77996.64,-0.22,89026.49,-0.11
11/15/2022,103.21,103.79,97.34,98.94,111336300,94.4059996,98.98800093,,77996.64,-0.22,89433.25,-0.11
11/16/2022,96.85,98.49,95.54,97.12,87958800,96.1979994,97.5440012,,77996.64,-0.22,87788.13,-0.12
11/17/2022,95.37,96.97,94.03,94.85,82617900,98.3940002,96.30800113,Buy,77996.64,-0.22,85736.24,-0.14
11/18/2022,95.95,95.99,92.48,94.14,72428200,98.0380004,95.23400107,,77412.79,-0.23,85094.46,-0.15
11/21/2022,93.97,95.02,90.59,92.46,84330300,96.708,94.61600073,,76031.3,-0.24,83575.88,-0.16
11/22/2022,92.62,93.35,90.87,93.2,62192000,95.5020002,93.9506672,,76639.82,-0.23,84244.78,-0.16
11/23/2022,93.24,94.58,92.83,94.13,59414700,94.3539992,93.7113336,,77404.57,-0.23,85085.42,-0.15
11/25/2022,93.79,94.43,93.07,93.41,35088600,93.755998,93.8453332,Sell,76812.51,-0.23,84434.61,-0.16
11/28/2022,93.93,96.4,93.43,93.95,74943100,93.4679992,94.11933327,,76812.51,-0.23,84922.71,-0.15
11/29/2022,94.04,94.41,91.44,92.42,65567300,93.4299988,94.31733287,,76812.51,-0.23,83539.73,-0.16
11/30/2022,92.47,96.54,91.53,96.54,102805800,93.4219986,94.4433328,,76812.51,-0.23,87263.86,-0.13
12/1/2022,96.99,97.23,94.92,95.5,68488000,94.0899994,94.880666,,76812.51,-0.23,86323.78,-0.14
12/2/2022,94.48,95.36,93.78,94.13,72496400,94.364,95.50466607,,76812.51,-0.23,85085.42,-0.15
12/5/2022,93.05,94.06,90.82,91.01,71535500,94.5079986,95.3379994,,76812.51,-0.23,82265.21,-0.18
12/6/2022,90.5,91.04,87.9,88.25,75503600,93.9199996,94.68599947,,76812.51,-0.23,79770.41,-0.2
12/7/2022,88.34,89.89,87.48,88.46,68086900,93.086,94.00333293,,76812.51,-0.23,79960.23,-0.2
12/8/2022,89.24,90.86,87.88,90.35,73305900,91.4699996,93.30466607,,76812.51,-0.23,81668.63,-0.18
12/9/2022,88.9,90.3,88.63,89.09,67398500,90.4399992,92.8533324,,76812.51,-0.23,80529.69,-0.19
12/12/2022,89.21,90.58,87.87,90.55,61999800,89.431999,92.46933227,,76812.51,-0.23,81849.41,-0.18
12/13/2022,95.23,96.25,90.52,92.49,100212000,89.3399992,92.2299992,,76812.51,-0.23,83603,-0.16
12/14/2022,92.5,93.46,89.87,91.58,70298000,90.1879988,92.23199913,,76812.51,-0.23,82780.44,-0.17
12/15/2022,89.89,89.97,87.47,88.45,84802900,90.8119994,92.12399947,,76812.51,-0.23,79951.19,-0.2
12/16/2022,88.27,89.35,86.73,87.86,146144100,90.4319992,91.7453328,,76812.51,-0.23,79417.88,-0.21
12/19/2022,87.51,87.63,84.51,84.92,83531500,90.1860002,91.3753326,,76812.51,-0.23,76760.37,-0.23
12/20/2022,85.33,86.61,84.33,85.19,74348300,89.0599992,90.77333267,,76812.51,-0.23,77004.43,-0.23
12/21/2022,86.18,87.23,85.21,86.77,59267200,87.6,90.29133293,,76812.51,-0.23,78432.61,-0.22
12/22/2022,85.52,85.68,82.25,83.79,81431300,86.637999,89.63999933,,76812.51,-0.23,75738.95,-0.24
12/23/2022,83.25,85.78,82.93,85.25,57433700,85.7059998,88.85933273,,76812.51,-0.23,77058.67,-0.23
12/27/2022,84.97,85.35,83,83.04,57284000,85.1839996,88.26733293,,76812.51,-0.23,75061.02,-0.25
12/28/2022,82.8,83.48,81.69,81.82,58228600,84.8080002,87.73599953,,76812.51,-0.23,73958.24,-0.26
12/29/2022,82.87,84.55,82.55,84.18,54995900,84.1339998,87.30733287,,76812.51,-0.23,76091.48,-0.24
12/30/2022,83.12,84.05,82.47,84,62401200,83.6160004,87.0219996,,76812.51,-0.23,75928.77,-0.24
1/3/2023,85.46,86.96,84.21,85.82,76706000,83.6580002,86.5986664,,76812.51,-0.23,77573.9,-0.22
1/4/2023,86.55,86.98,83.36,85.14,68885100,83.7720002,86.38066667,,76812.51,-0.23,76959.23,-0.23
1/5/2023,85.33,85.42,83.07,83.12,67930800,84.1919998,86.01999973,,76812.51,-0.23,75133.33,-0.25
1/6/2023,83.03,86.4,81.43,86.08,83303400,84.4520004,85.3953334,,76812.51,-0.23,77808.92,-0.22
1/9/2023,87.46,89.48,87.08,87.36,65266100,84.8320008,85.02866673,,76812.51,-0.23,78965.93,-0.21
1/10/2023,87.57,90.19,87.29,89.87,67756600,85.504001,84.95600033,Buy,76812.51,-0.23,81234.75,-0.19
1/11/2023,90.93,95.26,90.93,95.09,103126200,86.3140016,85.09000047,,81274.07,-0.19,85953.18,-0.14
1/12/2023,96.93,97.19,93.5,95.27,85254800,88.304001,85.76800033,,81427.92,-0.19,86115.88,-0.14
1/13/2023,94.18,98.37,94.12,98.12,85549400,90.7339998,86.44,,83863.84,-0.16,88692.04,-0.11
1/17/2023,98.68,98.89,95.73,96.05,72755000,93.142,87.19666707,,82094.6,-0.18,86820.94,-0.13
1/18/2023,97.25,99.32,95.38,95.46,79570400,94.8800004,88.01400053,,81590.32,-0.18,86287.63,-0.14
1/19/2023,94.74,95.44,92.86,93.68,69002700,95.9979996,88.69466713,,80068.94,-0.2,84678.66,-0.15
1/20/2023,93.86,97.35,93.2,97.25,67481500,95.7160004,89.4040004,,83120.24,-0.17,87905.63,-0.12
1/23/2023,97.56,97.78,95.86,97.52,76501100,96.112001,90.43266707,,83351.01,-0.17,88149.69,-0.12
1/24/2023,96.93,98.09,96,96.32,66929500,95.9919998,91.3220002,,82325.37,-0.18,87064.99,-0.13
1/25/2023,92.56,97.24,91.52,97.18,94261600,96.0459992,92.14333353,,83060.41,-0.17,87842.36,-0.12
1/26/2023,98.24,99.49,96.92,99.22,68523600,96.3899994,92.90066687,,84804.02,-0.15,89686.35,-0.1
1/27/2023,99.53,103.49,99.53,102.24,87775600,97.4979996,93.83933367,,87385.23,-0.13,92416.16,-0.08
1/30/2023,101.09,101.74,99.01,100.55,70691900,98.4959992,95.114,,85940.78,-0.14,90888.55,-0.09
1/31/2023,101.16,103.35,101.14,103.13,66527300,99.1020004,96.07866673,,88145.92,-0.12,93220.65,-0.07
2/1/2023,102.53,106.24,101.24,105.15,80450100,100.4639998,97.1299998,,89872.43,-0.1,95046.56,-0.05
2/2/2023,110.25,114,108.88,112.91,158154200,102.0580002,98.1486664,,96504.96,-0.03,102060.93,0.02
2/3/2023,105.26,108.78,102.52,103.39,144374800,104.7960008,99.33666693,,88368.14,-0.12,93455.66,-0.07
2/6/2023,102.93,103.95,100.65,102.18,81945200,105.026001,99.8780004,,87333.95,-0.13,92361.93,-0.08
2/7/2023,101.17,102.41,98.08,102.11,119501300,105.3520004,100.1486669,,87274.12,-0.13,92298.66,-0.08
2/8/2023,102.04,102.67,98.78,100.05,75878300,105.1480012,100.5526667,,85513.42,-0.14,90436.6,-0.1
2/9/2023,101.32,101.78,97.57,98.24,64622500,104.1280014,100.858667,,83966.4,-0.16,88800.51,-0.11
2/10/2023,97.56,98.82,96.23,97.61,52740100,101.1940002,101.1626669,,83427.94,-0.17,88231.04,-0.12
2/13/2023,97.85,99.68,96.91,99.54,52841500,100.0380006,101.1866669,Sell,85077.52,-0.15,89975.6,-0.1
2/14/2023,98.41,100.92,97.52,99.7,56202900,99.5100008,101.3213339,,85077.52,-0.15,90120.22,-0.1
2/15/2023,99.09,101.17,98.45,101.16,47957600,99.028,101.546667,,85077.52,-0.15,91439.94,-0.09
2/16/2023,99.21,100.63,98.1,98.15,56339200,99.2500002,101.8120006,,85077.52,-0.15,88719.16,-0.11
2/17/2023,97.8,97.94,95.65,97.2,60029400,99.232001,101.7406673,,85077.52,-0.15,87860.44,-0.12
2/21/2023,95.34,95.61,94.27,94.58,56580400,99.1500002,101.4046673,,85077.52,-0.15,85492.19,-0.15
2/22/2023,95.1,97.01,94.8,95.79,59534100,98.1580004,101.0066672,,85077.52,-0.15,86585.92,-0.13
2/23/2023,96.12,96.43,93.67,95.82,48467000,97.3760012,100.5173341,,85077.52,-0.15,86613.04,-0.13
2/24/2023,93.53,94.14,92.32,93.5,57053800,96.3080004,99.895334,,85077.52,-0.15,84515.96,-0.15
2/27/2023,94.28,94.78,93.14,93.76,47470300,95.378,98.60133373,,85077.52,-0.15,84750.98,-0.15
2/28/2023,93.14,94.69,92.92,94.23,43959300,94.690001,97.95933393,,85077.52,-0.15,85175.82,-0.15
3/1/2023,93.87,94.68,91.59,92.17,52299500,94.6200012,97.42933413,,85077.52,-0.15,83313.75,-0.17
3/2/2023,91.41,92.23,90.39,92.13,55509400,93.8960006,96.76666727,,85077.52,-0.15,83277.59,-0.17
3/3/2023,92.74,94.94,92.66,94.9,55759600,93.158,96.23866687,,85077.52,-0.15,85781.44,-0.14
3/6/2023,95.19,96.55,93.74,93.75,52112400,93.4380004,96.01600047,,85077.52,-0.15,84741.93,-0.15
3/7/2023,94.06,95.09,92.78,93.55,49100700,93.436,95.75866707,,85077.52,-0.15,84561.15,-0.15
3/8/2023,93.6,94.17,92.18,93.92,44899100,93.3,95.35933387,,85077.52,-0.15,84895.6,-0.15
3/9/2023,93.68,96.21,92.18,92.25,56218700,93.65,94.9740006,,85077.52,-0.15,83386.06,-0.17
3/10/2023,92.67,93.57,90.25,90.73,69827500,93.6740006,94.38000033,,85077.52,-0.15,82012.12,-0.18
3/13/2023,89.97,94.02,88.12,92.43,72397100,92.8400008,93.88533373,,85077.52,-0.15,83548.77,-0.16
3/14/2023,93.83,95.07,92.71,94.88,60912700,92.5760008,93.56733393,,85077.52,-0.15,85763.35,-0.14
3/15/2023,93.22,96.67,93.07,96.2,70731800,92.8419996,93.5873336,,85077.52,-0.15,86956.52,-0.13
3/16/2023,95.75,100.99,95.61,100.04,84446900,93.2979994,93.61466667,,85077.52,-0.15,90427.55,-0.1
3/17/2023,99.79,100.66,97.46,98.95,87300200,94.8559996,93.89600007,Buy,85077.52,-0.15,89442.28,-0.11
3/20/2023,98.41,98.48,95.7,97.71,62388900,96.4999984,94.2593332,,84011.37,-0.16,88321.43,-0.12
3/21/2023,98.14,100.85,98,100.61,58597300,97.5559982,94.52266633,,86504.8,-0.13,90942.79,-0.09
3/22/2023,100.45,102.1,98.61,98.7,57475400,98.701999,94.94799953,,84862.57,-0.15,89216.31,-0.11
3/23/2023,100.43,101.06,97.62,98.71,57559300,99.201999,95.3833328,,84871.17,-0.15,89225.35,-0.11
3/24/2023,98.07,98.3,96.4,98.13,56095400,98.9359986,95.8219996,,84372.48,-0.16,88701.08,-0.11
3/27/2023,99.07,99.34,97.08,98.04,46721300,98.7719986,96.0373326,,84295.1,-0.16,88619.73,-0.11
3/28/2023,98.11,98.44,96.29,97.24,38720100,98.837999,96.32333267,,83607.26,-0.16,87896.59,-0.12
3/29/2023,98.69,100.42,98.56,100.25,49783300,98.1639984,96.56933233,,86195.27,-0.14,90617.38,-0.09
3/30/2023,101.55,103.04,101.01,102,53633400,98.473999,96.99133247,,87699.92,-0.12,92199.23,-0.08
3/31/2023,102.16,103.49,101.95,103.29,56750300,99.1319992,97.64133247,,88809.07,-0.11,93365.28,-0.07
4/3/2023,102.3,103.29,101.43,102.41,41135700,100.164,98.47866567,,88052.45,-0.12,92569.83,-0.07
4/4/2023,102.75,104.2,102.11,103.95,48662500,101.0380006,99.14399927,,89376.54,-0.11,93961.85,-0.06
4/5/2023,103.91,103.91,100.75,101.1,45175400,102.3800004,99.74866593,,86926.1,-0.13,91385.7,-0.09
4/6/2023,100.75,102.38,99.8,102.06,43808000,102.55,100.0753327,,87751.51,-0.12,92253.46,-0.08
4/10/2023,100.96,102.2,99.57,102.17,37261200,102.5619996,100.2099991,,87846.09,-0.12,92352.89,-0.08
4/11/2023,100.8,101,99.01,99.92,60417800,102.337999,100.4246659,,85911.53,-0.14,90319.08,-0.1
4/12/2023,100.4,100.51,97.71,97.83,56735000,101.8399978,100.5719991,,84114.55,-0.16,88429.91,-0.12
4/13/2023,98.95,102.57,98.71,102.4,67925100,100.6159988,100.3866659,,88043.85,-0.12,92560.79,-0.07
4/14/2023,102.07,103.2,101.11,102.51,51450500,100.8759996,100.6333329,,88138.43,-0.12,92660.22,-0.07
4/17/2023,103.16,103.73,101.59,102.74,39919500,100.9660004,100.8866664,,88336.18,-0.12,92868.12,-0.07
4/18/2023,103.95,104.2,101.52,102.3,39790500,101.0800004,101.1939998,Sell,87957.87,-0.12,92470.4,-0.08
4/19/2023,101.58,105.12,101.39,104.3,58398900,101.5560014,101.4779999,Buy,87957.87,-0.12,94278.23,-0.06
4/20/2023,103.53,105.25,103.21,103.81,57696900,102.8500016,101.9486669,,87544.64,-0.12,93835.31,-0.06
4/21/2023,106.1,108.15,105.08,106.96,86774200,103.1320008,102.1860001,,90201.09,-0.1,96682.64,-0.03
4/24/2023,107.66,109.23,105.07,106.21,69575600,104.0220002,102.5166667,,89568.6,-0.1,96004.7,-0.04
4/25/2023,104.91,105.45,102.45,102.57,65026800,104.7160004,102.7113333,,86498.93,-0.14,92714.46,-0.07
4/26/2023,105.04,106.62,104.1,104.98,73803800,104.7699998,102.7219997,,88531.32,-0.11,94892.89,-0.05
4/27/2023,108.16,110.86,106.8,109.82,149961200,104.9059998,102.7906667,,92612.97,-0.07,99267.83,-0.01
4/28/2023,107.73,109.48,104.33,105.45,130565000,106.1080002,103.3720002,,88927.68,-0.11,95317.73,-0.05
5/1/2023,104.95,105.23,101.82,102.05,74728100,105.8059998,103.5980001,,86060.41,-0.14,92244.42,-0.08
5/2/2023,101.47,103.9,101.15,103.63,73469400,104.9740006,103.5900005,,87392.84,-0.13,93672.6,-0.06
5/3/2023,103.74,105.96,103.28,103.65,65051900,105.186,103.8373337,,87409.71,-0.13,93690.68,-0.06
5/4/2023,104.04,105.39,103.31,104,45345500,104.9199998,104.2253337,,87704.87,-0.12,94007.05,-0.06
5/5/2023,104.27,105.76,103.55,105.66,56912900,103.7559998,104.3320003,Sell,89104.78,-0.11,95507.55,-0.04
5/8/2023,105.04,106.1,104.7,105.83,49430900,103.7980012,104.5420004,,89104.78,-0.11,95661.22,-0.04
5/9/2023,105.48,106.79,105.16,106.62,44089400,104.554001,104.7480007,,89104.78,-0.11,96375.31,-0.04
5/10/2023,108.1,110.67,108.05,110.19,78627600,105.1520022,105.0360007,Buy,89104.78,-0.11,99602.28,0
5/11/2023,111.03,113.28,110.49,112.18,74924800,106.4600022,105.4286673,,90713.98,-0.09,101401.07,0.01
5/12/2023,112.16,112.64,109.32,110.26,49810100,108.0960022,105.9866674,,89161.38,-0.11,99665.56,0
5/15/2023,111.15,112.29,109.25,111.2,53011100,109.0160018,106.2066676,,89921.51,-0.1,100515.23,0.01
5/16/2023,111.05,114.79,111.05,113.4,71472900,110.0900008,106.5393341,,91700.53,-0.08,102503.85,0.03
5/17/2023,114.89,115.83,114.22,115.5,65655200,111.4460006,107.2613343,,93398.69,-0.07,104402.06,0.04
5/18/2023,116.69,118.6,116.34,118.15,73174100,112.5080002,107.9626674,,95541.61,-0.04,106797.44,0.07
5/19/2023,118.16,118.31,115.7,116.25,54990200,113.7020006,108.5180009,,94005.18,-0.06,105080,0.05
5/22/2023,116.77,116.77,114.25,115.01,70741100,114.9000002,109.2380011,,93002.46,-0.07,103959.15,0.04
5/23/2023,114.27,117.14,113.78,114.99,67576300,115.6620012,110.102001,,92986.28,-0.07,103941.07,0.04
5/24/2023,115.35,117.34,115.02,116.75,63487900,115.9800004,110.8593344,,94409.5,-0.06,105531.96,0.06
5/25/2023,116.63,116.87,114.31,115,66496700,116.2300004,111.7326676,,92994.37,-0.07,103950.11,0.04
5/26/2023,116.04,121.5,116.02,120.11,96779900,115.6,112.4660009,,97126.55,-0.03,108569.11,0.09
5/30/2023,122.37,122.92,119.86,121.66,64314800,116.3720002,113.4293341,,98379.96,-0.02,109970.18,0.1
5/31/2023,121.45,122.04,119.17,120.58,72800800,117.7020006,114.4846675,,97506.62,-0.02,108993.95,0.09
6/1/2023,120.69,123.49,119.93,122.77,54375100,118.8200014,115.4153341,,99277.55,-0.01,110973.52,0.11
6/2/2023,124.92,126.39,124.02,124.25,61215000,120.0240008,116.2540005,,100474.35,0,112311.31,0.12
6/5/2023,123.36,125.8,123.03,125.3,47950100,121.8740008,117.0586671,,101323.43,0.01,113260.42,0.13
6/6/2023,125.07,127.4,125,126.61,45695200,122.9120012,118.0613339,,102382.76,0.02,114444.55,0.14
6/7/2023,127.01,127.37,120.63,121.23,95663300,123.9020006,119.0886675,,98032.24,-0.02,109581.49,0.1
6/8/2023,123.01,125.63,122.26,124.25,62159300,124.0320008,119.6106675,,100474.35,0,112311.31,0.12
6/9/2023,124.08,125.8,123.19,123.43,51330000,124.3280014,120.1940009,,99811.26,0,111570.1,0.12
6/12/2023,124.02,126.78,123.53,126.57,51338000,124.1640014,120.5460007,,102350.41,0.02,114408.39,0.14
6/13/2023,128.12,128.41,125.18,126.66,50564800,124.4180008,121.2340007,,102423.19,0.02,114489.75,0.14
6/14/2023,126.7,126.95,124.12,126.42,52422500,124.4280014,122.0106675,,102229.11,0.02,114272.8,0.14
6/15/2023,125.21,127.69,124.32,127.11,60458500,125.4660004,122.7726675,,102787.08,0.03,114896.51,0.15
6/16/2023,127.71,127.9,125.3,125.49,84188100,126.0380006,123.4633343,,101477.07,0.01,113432.16,0.13
6/20/2023,124.97,127.25,124.5,125.78,56930100,126.4500002,124.1626675,,101711.58,0.02,113694.3,0.14
6/21/2023,125.64,126.73,123.85,124.83,52137700,126.292,124.5406673,,100943.37,0.01,112835.58,0.13
6/22/2023,125.31,130.33,125.14,130.15,90354600,125.9259996,124.7520005,,105245.36,0.05,117644.4,0.18
6/23/2023,129.11,130.84,128.28,129.33,71855200,126.6719988,125.39,,104582.28,0.05,116903.2,0.17
6/26/2023,129.33,131.49,127.1,127.33,59989300,127.115999,125.8273337,,102964.98,0.03,115095.37,0.15
6/27/2023,128.63,130.09,127.55,129.18,46801000,127.4839998,126.0326671,,104460.97,0.04,116767.6,0.17
6/28/2023,128.94,131.48,128.44,129.04,52149500,128.1639986,126.2913331,,104347.76,0.04,116641.05,0.17
6/29/2023,128.77,129.26,127.26,127.9,40761000,129.0059968,126.4533326,,103425.91,0.03,115610.6,0.16
6/30/2023,129.47,131.25,128.95,130.36,54310500,128.5559984,126.8979992,,105415.18,0.05,117834.23,0.18
7/3/2023,130.82,131.85,130.07,130.22,28264800,128.7619982,127.3053326,,105301.97,0.05,117707.68,0.18
7/5/2023,130.24,131.4,129.64,130.38,35895400,129.339998,127.7579993,,105431.36,0.05,117852.31,0.18
7/6/2023,128.25,128.73,127.37,128.36,40639900,129.5800004,128.0119997,,103797.89,0.04,116026.4,0.16
7/7/2023,128.59,130.97,128.13,129.78,41928700,129.444002,128.1253328,,104946.16,0.05,117309.95,0.17
7/10/2023,129.07,129.28,125.92,127.13,61889300,129.8200014,128.3493329,,102803.25,0.03,114914.58,0.15
7/11/2023,127.75,129.77,127.35,128.78,49951500,129.1740006,128.3506659,,104137.52,0.04,116406.04,0.16
7/12/2023,130.31,131.26,128.83,130.8,54022800,128.8860002,128.5699993,,105770.99,0.06,118231.95,0.18
7/13/2023,134.04,134.67,132.71,134.3,61091500,128.9699998,128.9046663,,108601.25,0.09,121395.65,0.21
